,HoleID,FromM,ToM,cx,cy,width,height,rot
0,KAD17_003,140,144,2553,1692,1346,119,6.271957
1,KAD17_003,139x,140,1112,1670,1518,129,6.269489
2,KAD17_003,138x,139,1034,1464,1664,135,6.278914
3,KAD17_003,133,133x,2400,723,1733,121,0.004418
4,KAD17_003,127x,128,961,573,1204,129,0.008725
5,KAD17_003,127,127x,2898,337,857,137,0.008983
6,KAD17_003,126,127,1440,351,2043,136,0.009572
7,KAD17_003,125,125x,2420,184,1800,132,0.013327
8,KAD17_003,124.36,125,876,201,1276,130,0.014063
