,HoleID,FromM,ToM,cx,cy,width,height,rot
0,KAD17_001,72,73,1601,1368,2152,123,0.003755
1,KAD17_001,71,71x,2318,1197,2046,126,0.006222
2,KAD17_001,70x,71,689,1204,1207,128,0.008983
3,KAD17_001,69,70,1205,965,2264,123,0.007805
4,KAD17_001,68,69,2283,799,1922,124,0.007655
