,HoleID,FromM,ToM,cx,cy,width,height,rot
0,KAD17_003,27,28,1477,1833,1978,108,6.270043
1,KAD17_003,26x,27,338,1814,214,116,6.240812
2,KAD17_003,26,26x,2201,1680,1894,111,0.002172
3,KAD17_003,25x,26,736,1676,1025,115,6.265736
4,KAD17_003,25,25x,2712,1464,931,124,0.004307
5,KAD17_003,24,25,1240,1463,2018,121,6.276448
6,KAD17_003,18x,19,900,727,1427,117,0.008799
7,KAD17_003,18,18x,2903,565,575,124,6.27527
8,KAD17_003,17,18,1500,571,2097,111,0.009278
9,KAD17_003,16.84,17,316,585,272,119,0.019733
