,HoleID,FromM,ToM,cx,cy,width,height,rot
0,KAD17_001,39,39.36,2878,2076,770,128,0.004307
1,KAD17_001,38,39,1241,2097,2258,130,0.010713
2,KAD17_001,37,38,2099,1921,2119,137,0.007216
3,KAD17_001,36x,37,565,1937,945,133,0.008688
4,KAD17_001,35x,36,1088,1706,1867,138,0.011008
5,KAD17_001,35,35,1677,1534,2181,129,0.004271
6,KAD17_001,26,26x,2443,366,1681,129,6.278915
7,KAD17_001,25.30,26,835,358,1531,134,6.27862
